bairro;setor_territorial;loteamentos;fonte;snapshot
Aclimação;Leste;Bosque dos Buritis | Terra Nova Uberlândia | Aclimação* | Ubatuba | Jardim Califórnia (parte) | Jardim Ipanema ll (parte) | Aeroporto (parte)* | Quinta Alto Umuarama;https://web.archive.org/web/2/https://docs.uberlandia.mg.gov.br/wp-content/uploads/2020/12/Bairros-integrados-com-seus-respectivos-loteamentos-e-reloteamentos-do-distrito-sede.pdf;https://web.archive.org/web/20240906061623/https://docs.uberlandia.mg.gov.br/wp-content/uploads/2020/12/Bairros-integrados-com-seus-respectivos-loteamentos-e-reloteamentos-do-distrito-sede.pdf
Alto Umuarama;Leste;Alto Umuarama ll | Alto Umuarama lll (parte) | Novo Horizonte (parte)* | Custódio Pereira (parte)* | Girassol | Tibery (parte)* | Aeroporto (parte)* | Concentric Participações e Empreendimentos;https://web.archive.org/web/2/https://docs.uberlandia.mg.gov.br/wp-content/uploads/2020/12/Bairros-integrados-com-seus-respectivos-loteamentos-e-reloteamentos-do-distrito-sede.pdf;https://web.archive.org/web/20240906061623/https://docs.uberlandia.mg.gov.br/wp-content/uploads/2020/12/Bairros-integrados-com-seus-respectivos-loteamentos-e-reloteamentos-do-distrito-sede.pdf
Alvorada;Leste;Residencial Alvorada 2 | Residencial Alvorada 3;https://web.archive.org/web/2/https://docs.uberlandia.mg.gov.br/wp-content/uploads/2020/12/Bairros-integrados-com-seus-respectivos-loteamentos-e-reloteamentos-do-distrito-sede.pdf;https://web.archive.org/web/20240906061623/https://docs.uberlandia.mg.gov.br/wp-content/uploads/2020/12/Bairros-integrados-com-seus-respectivos-loteamentos-e-reloteamentos-do-distrito-sede.pdf
Bom Jesus;Central;Vila das Tabocas* | Custódio da Costa Pereira (parte)*;https://web.archive.org/web/2/https://docs.uberlandia.mg.gov.br/wp-content/uploads/2020/12/Bairros-integrados-com-seus-respectivos-loteamentos-e-reloteamentos-do-distrito-sede.pdf;https://web.archive.org/web/20240906061623/https://docs.uberlandia.mg.gov.br/wp-content/uploads/2020/12/Bairros-integrados-com-seus-respectivos-loteamentos-e-reloteamentos-do-distrito-sede.pdf
Brasil;Central;Vila Brasil (parte)* | Fluminense (parte)* | Vila Santa Terezinha (parte)* | Custódio Pereira (parte)*;https://web.archive.org/web/2/https://docs.uberlandia.mg.gov.br/wp-content/uploads/2020/12/Bairros-integrados-com-seus-respectivos-loteamentos-e-reloteamentos-do-distrito-sede.pdf;https://web.archive.org/web/20240906061623/https://docs.uberlandia.mg.gov.br/wp-content/uploads/2020/12/Bairros-integrados-com-seus-respectivos-loteamentos-e-reloteamentos-do-distrito-sede.pdf
Carajás;Sul;Residencial Carajás | Jardim Ozanam (parte) | Setor da Vila Saraiva 1 – Jeová de Oliveira (parte)* | Setor da Vila Saraiva – Prolongamento 1 – Joaquim Saraiva (parte)* | Santo Antônio I – Cosme Lúcio de Paula* | Leão Xlll (parte)* | Setor da Vila Saraiva 4 – Francisco Saraiva* | Setor da Vila Saraiva – Cláudio Ernesto Crosara ** | Setor da Vila Saraiva 2 – Anízio Saraiva e Periano Soares de Aguiar * | Jardim Xangrilá | Setor da Vila Saraiva 5 – Antônio Saraiva Primo (parte);https://web.archive.org/web/2/https://docs.uberlandia.mg.gov.br/wp-content/uploads/2020/12/Bairros-integrados-com-seus-respectivos-loteamentos-e-reloteamentos-do-distrito-sede.pdf;https://web.archive.org/web/20240906061623/https://docs.uberlandia.mg.gov.br/wp-content/uploads/2020/12/Bairros-integrados-com-seus-respectivos-loteamentos-e-reloteamentos-do-distrito-sede.pdf
Cazeca;Central;Cazeca (parte)* | Erlan;https://web.archive.org/web/2/https://docs.uberlandia.mg.gov.br/wp-content/uploads/2020/12/Bairros-integrados-com-seus-respectivos-loteamentos-e-reloteamentos-do-distrito-sede.pdf;https://web.archive.org/web/20240906061623/https://docs.uberlandia.mg.gov.br/wp-content/uploads/2020/12/Bairros-integrados-com-seus-respectivos-loteamentos-e-reloteamentos-do-distrito-sede.pdf
Centro;Central;Custódio da Costa Pereira (parte)* | Vila Osvaldo (parte)*;https://web.archive.org/web/2/https://docs.uberlandia.mg.gov.br/wp-content/uploads/2020/12/Bairros-integrados-com-seus-respectivos-loteamentos-e-reloteamentos-do-distrito-sede.pdf;https://web.archive.org/web/20240906061623/https://docs.uberlandia.mg.gov.br/wp-content/uploads/2020/12/Bairros-integrados-com-seus-respectivos-loteamentos-e-reloteamentos-do-distrito-sede.pdf
Chácaras Tubalina e Quartel;Oeste;Residencial Tubalina 2 (Reloteamento) | Tubalina e | Residencial Chácaras Tubalina II(Reloteamento) | Quartel | Residencial Chácaras Tubalina I(Reloteamento) | Residencial Tubalina 1(Reloteamento) | Residencial Amarilis(Reloteamento) | Residencial Primavera(Reloteamento) | Brasil | (continuação) | Primavera(Reloteamento) | Parque Uruguaiana(Reloteamento) | Residencial Serra Dourada(Reloteamento) | Residencial Jardins Imbaúba(Reloteamento) | Jaraguá – Prolongamento (parte) (Reloteamento) | Residencial Aguapé II (Reloteamento) | Residencial Bilbao II (Reloteamento) | Residencial Jaraguá II (Reloteamento) | Residencial Marco Túlio Marquez (Reloteamento) | Planalto I (parte) | Jeová Abrahão (Reloteamento) | Edma da Silva Lannes (Reloteamento) | Residencial Acácias (Reloteamento) | Residencial Ouro Verde (Reloteamento) | Joaquim Peixoto dos Santos (Reloteamento) | Recanto do Cerrado (Reloteamento) | Manoel de Andrade (Reloteamento) | Residenciais América do Sul e América do Norte | (Reloteamento) | Bárbara Andrade e Outros (Reloteamento) | João Batista Lúcio (Reloteamento) | Piu Empreendimentos Imobiliários Ltda | Empreendimentos Imobiliários Canaã Ltda | Kimifuku Takei (Reloteamento) | Parque Hungria (Reloteamento) | Chácaras | Parque Union (Reloteamento) | Residencial Atlanta (Reloteamento) | Residencial Jardins Évora (Reloteamento) | Britamix Construções (Reloteamento) | Joab de Albuquerque Maranhão (Reloteamento) | Jeovah de Oliveira e Geraldo Majela Cunha | Jefferson Pascoal e Outra (Reloteamento) | João Borges de Souza e Daniel Albuquerque Maranhão | Maria Aparecida Malagoli Buiatti (Reloteamento) | Marconi Paulo de Albuquerque (Reloteamento) | Mizael Oliveira Terra (Reloteamento) | Haroldo Rodrigues Serralha e Darcy Alvim Serralha | Francisco Martins Meza (Reloteamento) | Residencial Terra Nova Florença (Reloteamento) | Unistela (Reloteamento) | Residencial Ponto Turquesa (Reloteamento) | Ponto Cristal (Reloteamento) | Residencial Ponto Siena (Reloteamento) | Residencial Ponto Lótus (Reloteamento) | Jerônima Maria dos Santos (Reloteamento) | Valdomiro Trento (Reloteamento) | Residencial Solaris (Reloteamento) | Residencial Ponto Turim (Reloteamento) | Residencial Ponto Venesa (Reloteamento) | Residencial Ponto Verona (Reloteamento) | Tubalina;https://web.archive.org/web/2/https://docs.uberlandia.mg.gov.br/wp-content/uploads/2020/12/Bairros-integrados-com-seus-respectivos-loteamentos-e-reloteamentos-do-distrito-sede.pdf;https://web.archive.org/web/20240906061623/https://docs.uberlandia.mg.gov.br/wp-content/uploads/2020/12/Bairros-integrados-com-seus-respectivos-loteamentos-e-reloteamentos-do-distrito-sede.pdf
Cidade Jardim;Sul;Vila Cilene (parte)* | Cidade Jardim - Ampliação | Cidade Jardim – Setor A | Nova Uberlândia (parte) | Jardins Barcelona (parte);https://web.archive.org/web/2/https://docs.uberlandia.mg.gov.br/wp-content/uploads/2020/12/Bairros-integrados-com-seus-respectivos-loteamentos-e-reloteamentos-do-distrito-sede.pdf;https://web.archive.org/web/20240906061623/https://docs.uberlandia.mg.gov.br/wp-content/uploads/2020/12/Bairros-integrados-com-seus-respectivos-loteamentos-e-reloteamentos-do-distrito-sede.pdf
Custódio Pereira;Leste;Custódio Pereira (parte)* | Tibery (parte)* | Jardim Panorama (não Implantado) | Realiza Engenharia e Construção;https://web.archive.org/web/2/https://docs.uberlandia.mg.gov.br/wp-content/uploads/2020/12/Bairros-integrados-com-seus-respectivos-loteamentos-e-reloteamentos-do-distrito-sede.pdf;https://web.archive.org/web/20240906061623/https://docs.uberlandia.mg.gov.br/wp-content/uploads/2020/12/Bairros-integrados-com-seus-respectivos-loteamentos-e-reloteamentos-do-distrito-sede.pdf
Daniel Fonseca;Central;Daniel Fonseca (parte)* | João de Sousa (parte)* | Chaves | Rezende Junqueira (parte)*;https://web.archive.org/web/2/https://docs.uberlandia.mg.gov.br/wp-content/uploads/2020/12/Bairros-integrados-com-seus-respectivos-loteamentos-e-reloteamentos-do-distrito-sede.pdf;https://web.archive.org/web/20240906061623/https://docs.uberlandia.mg.gov.br/wp-content/uploads/2020/12/Bairros-integrados-com-seus-respectivos-loteamentos-e-reloteamentos-do-distrito-sede.pdf
Distrito Industrial;Norte;Companhia de Distritos Industriais – Setor Sul 1ª Etapa | Industrial | Companhia de Distritos Industriais – Setor Sul 2ª Etapa | Companhia de Distritos Industriais – Setor Sul 3ª | Etapa** | Companhia de Distritos Industriais – Setor Sul 4ª Etapa | Companhia de Distritos Industriais – Setor Norte 1ª | Companhia de Distritos Industriais – Setor Norte 2ª | Custódio | Pereira11 | Companhia de Distritos Industriais – Setor Norte 3ª | Etapa | Companhia de Distritos Industriais – Setor Norte 4ª | Companhia de Distritos Industriais – Setor Norte 5ª | Companhia de Distritos Industriais – Setor Norte 6ª | Empresarial Taiaman;https://web.archive.org/web/2/https://docs.uberlandia.mg.gov.br/wp-content/uploads/2020/12/Bairros-integrados-com-seus-respectivos-loteamentos-e-reloteamentos-do-distrito-sede.pdf;https://web.archive.org/web/20240906061623/https://docs.uberlandia.mg.gov.br/wp-content/uploads/2020/12/Bairros-integrados-com-seus-respectivos-loteamentos-e-reloteamentos-do-distrito-sede.pdf
Dona Zulmira;Oeste;Jardim Patrícia (parte) | Jardim Patrícia II (parte) | Parque dos Eucaliptos (parte) | Dona Zulmira (parte)* | Aluízio de Avelar Marques (parte)**;https://web.archive.org/web/2/https://docs.uberlandia.mg.gov.br/wp-content/uploads/2020/12/Bairros-integrados-com-seus-respectivos-loteamentos-e-reloteamentos-do-distrito-sede.pdf;https://web.archive.org/web/20240906061623/https://docs.uberlandia.mg.gov.br/wp-content/uploads/2020/12/Bairros-integrados-com-seus-respectivos-loteamentos-e-reloteamentos-do-distrito-sede.pdf
Fundinho;Central;;https://web.archive.org/web/2/https://docs.uberlandia.mg.gov.br/wp-content/uploads/2020/12/Bairros-integrados-com-seus-respectivos-loteamentos-e-reloteamentos-do-distrito-sede.pdf;https://web.archive.org/web/20240906061623/https://docs.uberlandia.mg.gov.br/wp-content/uploads/2020/12/Bairros-integrados-com-seus-respectivos-loteamentos-e-reloteamentos-do-distrito-sede.pdf
Gávea;Sul;Vale dos Vinhedos | Pólo Tecnológico | Gávea Paradiso e Solares da Gávea | Gávea Shopping | Epázio Único | Sítios de Recreio Ibiporan* | Sítios de Recreio Nossa Senhora Aparecida (parte) | Shopping Sul | Tamboré Uberlândia;https://web.archive.org/web/2/https://docs.uberlandia.mg.gov.br/wp-content/uploads/2020/12/Bairros-integrados-com-seus-respectivos-loteamentos-e-reloteamentos-do-distrito-sede.pdf;https://web.archive.org/web/20240906061623/https://docs.uberlandia.mg.gov.br/wp-content/uploads/2020/12/Bairros-integrados-com-seus-respectivos-loteamentos-e-reloteamentos-do-distrito-sede.pdf
Granada;Sul;Jardim Botânico II (parte) | Parque Granada | Distrito | Industrial | (continuação) | Jardim dos Gravatás | Parque Residencial do Camaru | Jardim Botânico | Dos Buritis (parte);https://web.archive.org/web/2/https://docs.uberlandia.mg.gov.br/wp-content/uploads/2020/12/Bairros-integrados-com-seus-respectivos-loteamentos-e-reloteamentos-do-distrito-sede.pdf;https://web.archive.org/web/20240906061623/https://docs.uberlandia.mg.gov.br/wp-content/uploads/2020/12/Bairros-integrados-com-seus-respectivos-loteamentos-e-reloteamentos-do-distrito-sede.pdf
Grand Ville;Leste;Grand Ville Uberlândia | Praça Alto Umuarama | Raros Alto Umuarama;https://web.archive.org/web/2/https://docs.uberlandia.mg.gov.br/wp-content/uploads/2020/12/Bairros-integrados-com-seus-respectivos-loteamentos-e-reloteamentos-do-distrito-sede.pdf;https://web.archive.org/web/20240906061623/https://docs.uberlandia.mg.gov.br/wp-content/uploads/2020/12/Bairros-integrados-com-seus-respectivos-loteamentos-e-reloteamentos-do-distrito-sede.pdf
Granja Marileusa;Leste;Granja Marileusa Fase 1A | Paradiso | Alfhaville Uberlândia | Alfhaville Uberlândia 2 | Terras Alpha Uberlândia | Jardim Umuarama (parte) | Sol Nascente;https://web.archive.org/web/2/https://docs.uberlandia.mg.gov.br/wp-content/uploads/2020/12/Bairros-integrados-com-seus-respectivos-loteamentos-e-reloteamentos-do-distrito-sede.pdf;https://web.archive.org/web/20240906061623/https://docs.uberlandia.mg.gov.br/wp-content/uploads/2020/12/Bairros-integrados-com-seus-respectivos-loteamentos-e-reloteamentos-do-distrito-sede.pdf
Guarani;Oeste;Parque Guarani I | Parque Guarani II | Parque Guarani III | Parque Guarani IV;https://web.archive.org/web/2/https://docs.uberlandia.mg.gov.br/wp-content/uploads/2020/12/Bairros-integrados-com-seus-respectivos-loteamentos-e-reloteamentos-do-distrito-sede.pdf;https://web.archive.org/web/20240906061623/https://docs.uberlandia.mg.gov.br/wp-content/uploads/2020/12/Bairros-integrados-com-seus-respectivos-loteamentos-e-reloteamentos-do-distrito-sede.pdf
Jaraguá;Oeste;Vallée* | Jaraguá – Prolongamento (parte) | Jaraguá - Parte – Adriano Bailoni** | Jaraguá – Parte – Procópio Ribeiro | Jaraguá (parte)* | Tubalina – Setor Colônia (parte)* | Tubalina;https://web.archive.org/web/2/https://docs.uberlandia.mg.gov.br/wp-content/uploads/2020/12/Bairros-integrados-com-seus-respectivos-loteamentos-e-reloteamentos-do-distrito-sede.pdf;https://web.archive.org/web/20240906061623/https://docs.uberlandia.mg.gov.br/wp-content/uploads/2020/12/Bairros-integrados-com-seus-respectivos-loteamentos-e-reloteamentos-do-distrito-sede.pdf
Jardim Brasília;Norte;Residencial Jardim Brasília | Residencial Jardim Brasília II | Granada15 | (continuação) | Granja | Marileusa | Jardim Brasília III | Jardim Metrópole | Jardim Brasília – Prolongamento e Setor F – Chácaras* | Jardim Brasília – Setores A, B, C e D* | Industrial* | Tietê | Granja Rezende;https://web.archive.org/web/2/https://docs.uberlandia.mg.gov.br/wp-content/uploads/2020/12/Bairros-integrados-com-seus-respectivos-loteamentos-e-reloteamentos-do-distrito-sede.pdf;https://web.archive.org/web/20240906061623/https://docs.uberlandia.mg.gov.br/wp-content/uploads/2020/12/Bairros-integrados-com-seus-respectivos-loteamentos-e-reloteamentos-do-distrito-sede.pdf
Jardim Canaã;Oeste;Jardim Canaã II | Chácaras Bela Vista | Jardim Vica | Santo Antônio II | São Bento;https://web.archive.org/web/2/https://docs.uberlandia.mg.gov.br/wp-content/uploads/2020/12/Bairros-integrados-com-seus-respectivos-loteamentos-e-reloteamentos-do-distrito-sede.pdf;https://web.archive.org/web/20240906061623/https://docs.uberlandia.mg.gov.br/wp-content/uploads/2020/12/Bairros-integrados-com-seus-respectivos-loteamentos-e-reloteamentos-do-distrito-sede.pdf
Jardim das Palmeiras;Oeste;São Lucas | Santo Inácio | Jardim Flórida;https://web.archive.org/web/2/https://docs.uberlandia.mg.gov.br/wp-content/uploads/2020/12/Bairros-integrados-com-seus-respectivos-loteamentos-e-reloteamentos-do-distrito-sede.pdf;https://web.archive.org/web/20240906061623/https://docs.uberlandia.mg.gov.br/wp-content/uploads/2020/12/Bairros-integrados-com-seus-respectivos-loteamentos-e-reloteamentos-do-distrito-sede.pdf
Jardim Europa;Oeste;Parque Santo Antônio | Parque Santo Antônio II | Jardim Europa II | Jardim Itália | Cidade Verde I (parte) | Mansour I - Prolongamento;https://web.archive.org/web/2/https://docs.uberlandia.mg.gov.br/wp-content/uploads/2020/12/Bairros-integrados-com-seus-respectivos-loteamentos-e-reloteamentos-do-distrito-sede.pdf;https://web.archive.org/web/20240906061623/https://docs.uberlandia.mg.gov.br/wp-content/uploads/2020/12/Bairros-integrados-com-seus-respectivos-loteamentos-e-reloteamentos-do-distrito-sede.pdf
Jardim Holanda;Oeste;Parque Trianon | Chácaras Jardim Holanda | Jardim das Palmeiras II | Jardim das Palmeiras III | Decisão (Reloteamento) | Paz – Jardim Holanda (Reloteamento) | Felicidade (Reloteamento) | Alegria (Reloteamento) | Ordem (Reloteamento) | Disciplina (Reloteamento) | Tolerância (Reloteamento) | Pinheiros (Reloteamento) | Victória (Reloteamento) | Residencial Vila Verde (Reloteamento) | Residencial Jardim Holanda I (Reloteamento) | Residencial Jardim Holanda II (Reloteamento) | Residencial Jardim Holanda III (Reloteamento) | Lindamar Peixoto de Souza (Reloteamento) | Terezinha Gonçalves Vilela (Reloteamento) | Morada das Palmeiras (Reloteamento) | Parque Ubatã (Reloteamento) | Smart Towers Vivamus Jardim Holanda (Reloteamento) | Smart Towers Vivamus Jardim Holanda II (Reloteamento) | Parque Unaited kingdom (Reloteamento) | Parque Univita (Reloteamento);https://web.archive.org/web/2/https://docs.uberlandia.mg.gov.br/wp-content/uploads/2020/12/Bairros-integrados-com-seus-respectivos-loteamentos-e-reloteamentos-do-distrito-sede.pdf;https://web.archive.org/web/20240906061623/https://docs.uberlandia.mg.gov.br/wp-content/uploads/2020/12/Bairros-integrados-com-seus-respectivos-loteamentos-e-reloteamentos-do-distrito-sede.pdf
Jardim;Sul;Jardim Inconfidência (parte) (antigo City | Inconfidência5 | Uberândia)**** | Vila Real | Santa Paula Royal Park Residence | Jardim Botânico II | (continuação) | New Towers;https://web.archive.org/web/2/https://docs.uberlandia.mg.gov.br/wp-content/uploads/2020/12/Bairros-integrados-com-seus-respectivos-loteamentos-e-reloteamentos-do-distrito-sede.pdf;https://web.archive.org/web/20240906061623/https://docs.uberlandia.mg.gov.br/wp-content/uploads/2020/12/Bairros-integrados-com-seus-respectivos-loteamentos-e-reloteamentos-do-distrito-sede.pdf
Jardim Ipanema;Leste;Residencial Juliana | Jardim Ipanema I | Jardim Ipanema II (parte) | Jardim Califórnia (parte) | Sítios de Recreio Morada dos Pássaros (parte)* | Sítios de Recreio Quintas do Bosque II (parte) | Alto Umuarama III (parte) | Comercial Aeroporto | New Goldem Ville 2;https://web.archive.org/web/2/https://docs.uberlandia.mg.gov.br/wp-content/uploads/2020/12/Bairros-integrados-com-seus-respectivos-loteamentos-e-reloteamentos-do-distrito-sede.pdf;https://web.archive.org/web/20240906061623/https://docs.uberlandia.mg.gov.br/wp-content/uploads/2020/12/Bairros-integrados-com-seus-respectivos-loteamentos-e-reloteamentos-do-distrito-sede.pdf
Jardim Karaíba;Sul;Jardim Altamira – Altamira II (parte) | Vila dos Ipês | Itapema Sul | Jardim das Acácias | Acácias Uberlândia (parte) | Bosque Karaíba (parte) | Jardim das Acácias – Prolongamento (parte) | Jardim Inconfidência (parte) | Jardim Indaiá | Vila do Sol;https://web.archive.org/web/2/https://docs.uberlandia.mg.gov.br/wp-content/uploads/2020/12/Bairros-integrados-com-seus-respectivos-loteamentos-e-reloteamentos-do-distrito-sede.pdf;https://web.archive.org/web/20240906061623/https://docs.uberlandia.mg.gov.br/wp-content/uploads/2020/12/Bairros-integrados-com-seus-respectivos-loteamentos-e-reloteamentos-do-distrito-sede.pdf
Jardim Patrícia;Oeste;Jardim Patrícia (parte) | Jardim Patrícia II (parte) | Moinho de Vento | Parque dos Eucaliptos (parte) | Parque dos Eucaliptos II | Aluízio de Avelar Marques (parte)** | Parque dos Eucaliptos III;https://web.archive.org/web/2/https://docs.uberlandia.mg.gov.br/wp-content/uploads/2020/12/Bairros-integrados-com-seus-respectivos-loteamentos-e-reloteamentos-do-distrito-sede.pdf;https://web.archive.org/web/20240906061623/https://docs.uberlandia.mg.gov.br/wp-content/uploads/2020/12/Bairros-integrados-com-seus-respectivos-loteamentos-e-reloteamentos-do-distrito-sede.pdf
Jardim sul;Sul;Jardim das Acácias (parte) | Acácias Uberlândia (parte) | Village Karaíba | Bosque Karaíba (parte) | The Palms House e Club | Cyrela Landscape Residencial dos Ipês | Cyrela Landscape Residencial dos Buritis | Jardim Sul | Terras Altas | Golden Village | Parque Bela Vista | Alto Karaíba;https://web.archive.org/web/2/https://docs.uberlandia.mg.gov.br/wp-content/uploads/2020/12/Bairros-integrados-com-seus-respectivos-loteamentos-e-reloteamentos-do-distrito-sede.pdf;https://web.archive.org/web/20240906061623/https://docs.uberlandia.mg.gov.br/wp-content/uploads/2020/12/Bairros-integrados-com-seus-respectivos-loteamentos-e-reloteamentos-do-distrito-sede.pdf
Lagoinha;Sul;Jardim Ozanam (parte) | Setor da Vila Saraiva 1 – Jeová de Oliveira (parte)* | Setor da Vila Saraiva – Prolongamento 1 – Joaquim Saraiva (parte)* | Leão XIII (parte)* | Vila Saraiva – Ampliação - Fábio Felice* | Vila Saraiva II – Sete Quedas – Cosme Lúcio de Paula e José Léllis* | Vila Saraiva – Prolongamento II – Imobiliária Tubal Vilela S/A*;https://web.archive.org/web/2/https://docs.uberlandia.mg.gov.br/wp-content/uploads/2020/12/Bairros-integrados-com-seus-respectivos-loteamentos-e-reloteamentos-do-distrito-sede.pdf;https://web.archive.org/web/20240906061623/https://docs.uberlandia.mg.gov.br/wp-content/uploads/2020/12/Bairros-integrados-com-seus-respectivos-loteamentos-e-reloteamentos-do-distrito-sede.pdf
Laranjeiras;Sul;Primavera Parque | Parque São Jorge I (parte) | Parque São Jorge II | Parque São Jorge IV | Parque das Laranjeiras | Parque das Paineiras | Jardim Veneza | Jardim Aurora- Setor A | Jardim Aurora- Setor B | Jardim Espanha | Splêndido | GSP Life Uberlândia | GSP Artes Uberlândia | Central Park e Condomínio Urbanístico Manhattan | Colorado | Tropical Sul | Brisa 1 | (continuação);https://web.archive.org/web/2/https://docs.uberlandia.mg.gov.br/wp-content/uploads/2020/12/Bairros-integrados-com-seus-respectivos-loteamentos-e-reloteamentos-do-distrito-sede.pdf;https://web.archive.org/web/20240906061623/https://docs.uberlandia.mg.gov.br/wp-content/uploads/2020/12/Bairros-integrados-com-seus-respectivos-loteamentos-e-reloteamentos-do-distrito-sede.pdf
Lídice;Central;Vila Ribeirinho* | Ribeirinho * | Vila Dr. Vasco Gifone (parte)* | Vila Póvoa (parte)* | Tobias Inácio* | Altamira I (parte);https://web.archive.org/web/2/https://docs.uberlandia.mg.gov.br/wp-content/uploads/2020/12/Bairros-integrados-com-seus-respectivos-loteamentos-e-reloteamentos-do-distrito-sede.pdf;https://web.archive.org/web/20240906061623/https://docs.uberlandia.mg.gov.br/wp-content/uploads/2020/12/Bairros-integrados-com-seus-respectivos-loteamentos-e-reloteamentos-do-distrito-sede.pdf
Luizote de Freitas;Oeste;Luizote de Freitas I - 1ª Etapa | Freitas | Luizote de Freitas I – 2ª Etapa * | Luizote de Freitas I – 3ª Etapa * | Luizote de Freitas II – 1ª Etapa* | Luizote de Freitas II – 2ª Etapa | Luizote de Freitas III | Residencial Nosso Lar | (continuação);https://web.archive.org/web/2/https://docs.uberlandia.mg.gov.br/wp-content/uploads/2020/12/Bairros-integrados-com-seus-respectivos-loteamentos-e-reloteamentos-do-distrito-sede.pdf;https://web.archive.org/web/20240906061623/https://docs.uberlandia.mg.gov.br/wp-content/uploads/2020/12/Bairros-integrados-com-seus-respectivos-loteamentos-e-reloteamentos-do-distrito-sede.pdf
Mansour;Oeste;Mansour I | Cidade Verde I (parte) | Cidade verde II;https://web.archive.org/web/2/https://docs.uberlandia.mg.gov.br/wp-content/uploads/2020/12/Bairros-integrados-com-seus-respectivos-loteamentos-e-reloteamentos-do-distrito-sede.pdf;https://web.archive.org/web/20240906061623/https://docs.uberlandia.mg.gov.br/wp-content/uploads/2020/12/Bairros-integrados-com-seus-respectivos-loteamentos-e-reloteamentos-do-distrito-sede.pdf
Maravilha;Norte;Dona Maria Rezende | Maravilha – Setor B;https://web.archive.org/web/2/https://docs.uberlandia.mg.gov.br/wp-content/uploads/2020/12/Bairros-integrados-com-seus-respectivos-loteamentos-e-reloteamentos-do-distrito-sede.pdf;https://web.archive.org/web/20240906061623/https://docs.uberlandia.mg.gov.br/wp-content/uploads/2020/12/Bairros-integrados-com-seus-respectivos-loteamentos-e-reloteamentos-do-distrito-sede.pdf
Marta Helena;Norte;Marta Helena (parte)* | Jacob | Jardim Umuarama (parte) | Das Indústrias*;https://web.archive.org/web/2/https://docs.uberlandia.mg.gov.br/wp-content/uploads/2020/12/Bairros-integrados-com-seus-respectivos-loteamentos-e-reloteamentos-do-distrito-sede.pdf;https://web.archive.org/web/20240906061623/https://docs.uberlandia.mg.gov.br/wp-content/uploads/2020/12/Bairros-integrados-com-seus-respectivos-loteamentos-e-reloteamentos-do-distrito-sede.pdf
Martins;Central;Vila de Fátima I (parte)* | Vila de Fátima II (parte)* | Vila Higino Guerra I* | Vila Higino Guerra II | Vila Higino Guerra III | Vila Osvaldo (parte)* | Custódio da Costa Pereira (parte)* | Galeno de Andrade Santos*;https://web.archive.org/web/2/https://docs.uberlandia.mg.gov.br/wp-content/uploads/2020/12/Bairros-integrados-com-seus-respectivos-loteamentos-e-reloteamentos-do-distrito-sede.pdf;https://web.archive.org/web/20240906061623/https://docs.uberlandia.mg.gov.br/wp-content/uploads/2020/12/Bairros-integrados-com-seus-respectivos-loteamentos-e-reloteamentos-do-distrito-sede.pdf
Minas Gerais;Norte;Flamboyant Residencial | Jardim Umuarama (parte) | Marta Helena (parte)* | Novo Umuarama | Boulevard Mineiro | Minas Brasil | Jardim Umuarama II – Prolongamento Gleba D | Jardim umuarama II – Prolongamento Gleba E;https://web.archive.org/web/2/https://docs.uberlandia.mg.gov.br/wp-content/uploads/2020/12/Bairros-integrados-com-seus-respectivos-loteamentos-e-reloteamentos-do-distrito-sede.pdf;https://web.archive.org/web/20240906061623/https://docs.uberlandia.mg.gov.br/wp-content/uploads/2020/12/Bairros-integrados-com-seus-respectivos-loteamentos-e-reloteamentos-do-distrito-sede.pdf
Morada da Colina;Sul;Jardim Altamira - Altamira II (parte) | Patrimônio da Nossa Senhora da Abadia (parte)** | Jardim da Colina | Jardim da Colina B | Morada da Colina II | Morada da Colina - Partes I e II | Gávea | Reserva do Vale | Villaggio da Colina | Gávea Hill 1 e 2 | Vale dos Vinhedos | Morada da | Colina14 | Morada dos | Pássaros¹²;https://web.archive.org/web/2/https://docs.uberlandia.mg.gov.br/wp-content/uploads/2020/12/Bairros-integrados-com-seus-respectivos-loteamentos-e-reloteamentos-do-distrito-sede.pdf;https://web.archive.org/web/20240906061623/https://docs.uberlandia.mg.gov.br/wp-content/uploads/2020/12/Bairros-integrados-com-seus-respectivos-loteamentos-e-reloteamentos-do-distrito-sede.pdf
Morada do Sol;Oeste;Condomínio Morada do Sol;https://web.archive.org/web/2/https://docs.uberlandia.mg.gov.br/wp-content/uploads/2020/12/Bairros-integrados-com-seus-respectivos-loteamentos-e-reloteamentos-do-distrito-sede.pdf;https://web.archive.org/web/20240906061623/https://docs.uberlandia.mg.gov.br/wp-content/uploads/2020/12/Bairros-integrados-com-seus-respectivos-loteamentos-e-reloteamentos-do-distrito-sede.pdf
Morada dos Pássaros;Leste;Sítios de Recreio Morada dos Pássaros (parte)* | Jardim Ipanema II (parte) | Sítios de Recreio Quintas do Bosque I | Sítios de Recreio Quintas do Bosque II (parte) | Comercial aeroporto (Reloteamento) | Quintas do Bosque II;https://web.archive.org/web/2/https://docs.uberlandia.mg.gov.br/wp-content/uploads/2020/12/Bairros-integrados-com-seus-respectivos-loteamentos-e-reloteamentos-do-distrito-sede.pdf;https://web.archive.org/web/20240906061623/https://docs.uberlandia.mg.gov.br/wp-content/uploads/2020/12/Bairros-integrados-com-seus-respectivos-loteamentos-e-reloteamentos-do-distrito-sede.pdf
Morumbi;Leste;Santa Mônica II – Setor A | Santa Mônica II – Setor B | Santa Mônica II – Setor C | Paz – Morumbi | Zaire Rezende;https://web.archive.org/web/2/https://docs.uberlandia.mg.gov.br/wp-content/uploads/2020/12/Bairros-integrados-com-seus-respectivos-loteamentos-e-reloteamentos-do-distrito-sede.pdf;https://web.archive.org/web/20240906061623/https://docs.uberlandia.mg.gov.br/wp-content/uploads/2020/12/Bairros-integrados-com-seus-respectivos-loteamentos-e-reloteamentos-do-distrito-sede.pdf
Nossa Senhora Aparecida;Central;Fluminense (parte)* | Aparecida | Vila Brasil (parte)* | Vila Esplanada* | Vila Oriente* | São Pedro* | Vila Santa Terezinha (parte)* | Vila Operária* | Nossa Senhora | (continuação);https://web.archive.org/web/2/https://docs.uberlandia.mg.gov.br/wp-content/uploads/2020/12/Bairros-integrados-com-seus-respectivos-loteamentos-e-reloteamentos-do-distrito-sede.pdf;https://web.archive.org/web/20240906061623/https://docs.uberlandia.mg.gov.br/wp-content/uploads/2020/12/Bairros-integrados-com-seus-respectivos-loteamentos-e-reloteamentos-do-distrito-sede.pdf
Nossa Senhora das Graças;Norte;Jardim América I (parte) | Nossa Senhora das Graças (parte) | Cruzeiro do Sul;https://web.archive.org/web/2/https://docs.uberlandia.mg.gov.br/wp-content/uploads/2020/12/Bairros-integrados-com-seus-respectivos-loteamentos-e-reloteamentos-do-distrito-sede.pdf;https://web.archive.org/web/20240906061623/https://docs.uberlandia.mg.gov.br/wp-content/uploads/2020/12/Bairros-integrados-com-seus-respectivos-loteamentos-e-reloteamentos-do-distrito-sede.pdf
Novo Mundo;Leste;Conjunto Alvorada (Pertencia ao extinto Bairro Nova | Alvorada)*** | Residencial Alvorada 4 (Pertencia ao extinto Bairro | Nova Alvorada)*** | Bem viver | Vida Nova | Reserva dos Ipês | Verde Vida;https://web.archive.org/web/2/https://docs.uberlandia.mg.gov.br/wp-content/uploads/2020/12/Bairros-integrados-com-seus-respectivos-loteamentos-e-reloteamentos-do-distrito-sede.pdf;https://web.archive.org/web/20240906061623/https://docs.uberlandia.mg.gov.br/wp-content/uploads/2020/12/Bairros-integrados-com-seus-respectivos-loteamentos-e-reloteamentos-do-distrito-sede.pdf
Nova Uberlândia;Sul;Nova Uberlândia (parte) | Jardins Barcelona (parte) | Jardins Roma | Jardins Gênova | Jardim Versalles;https://web.archive.org/web/2/https://docs.uberlandia.mg.gov.br/wp-content/uploads/2020/12/Bairros-integrados-com-seus-respectivos-loteamentos-e-reloteamentos-do-distrito-sede.pdf;https://web.archive.org/web/20240906061623/https://docs.uberlandia.mg.gov.br/wp-content/uploads/2020/12/Bairros-integrados-com-seus-respectivos-loteamentos-e-reloteamentos-do-distrito-sede.pdf
Osvaldo Rezende;Central;Vila de Fátima I (parte)* | Vila de Fátima II (parte)* | Vila Osvaldo (parte)* | Osvaldo | Rezende | Vila Carneiro* | Odilon Custódio Pereira e Outros | De Lourdes* | José Tomaz Rezende* | Daniel Fonseca (parte)* | Rezende Junqueira (parte)* | João de Sousa (parte)* | Granja Rezende | (continuação);https://web.archive.org/web/2/https://docs.uberlandia.mg.gov.br/wp-content/uploads/2020/12/Bairros-integrados-com-seus-respectivos-loteamentos-e-reloteamentos-do-distrito-sede.pdf;https://web.archive.org/web/20240906061623/https://docs.uberlandia.mg.gov.br/wp-content/uploads/2020/12/Bairros-integrados-com-seus-respectivos-loteamentos-e-reloteamentos-do-distrito-sede.pdf
Pacaembu;Norte;Pacaembu II | Pacaembu III | Bosque das Gameleiras | Vila Satélite* | Oliveira* | Vila Maria* | Vila Maria – Remanejamento* | Vila Roosevelt (parte);https://web.archive.org/web/2/https://docs.uberlandia.mg.gov.br/wp-content/uploads/2020/12/Bairros-integrados-com-seus-respectivos-loteamentos-e-reloteamentos-do-distrito-sede.pdf;https://web.archive.org/web/20240906061623/https://docs.uberlandia.mg.gov.br/wp-content/uploads/2020/12/Bairros-integrados-com-seus-respectivos-loteamentos-e-reloteamentos-do-distrito-sede.pdf
Pampulha;Sul;Pampulha* | Abílio Borges* | Setor da Vila Saraiva 5 – Antônio Saraiva Primo (parte);https://web.archive.org/web/2/https://docs.uberlandia.mg.gov.br/wp-content/uploads/2020/12/Bairros-integrados-com-seus-respectivos-loteamentos-e-reloteamentos-do-distrito-sede.pdf;https://web.archive.org/web/20240906061623/https://docs.uberlandia.mg.gov.br/wp-content/uploads/2020/12/Bairros-integrados-com-seus-respectivos-loteamentos-e-reloteamentos-do-distrito-sede.pdf
Panorama;Oeste;Chácaras Panorama | Chácaras Panorama I | Chácaras Panorama II | Jardim Célia | Jardim Maanaim | Congreção Cristã do Brasil | Condomínio Paineiras Residence (Reloteamento);https://web.archive.org/web/2/https://docs.uberlandia.mg.gov.br/wp-content/uploads/2020/12/Bairros-integrados-com-seus-respectivos-loteamentos-e-reloteamentos-do-distrito-sede.pdf;https://web.archive.org/web/20240906061623/https://docs.uberlandia.mg.gov.br/wp-content/uploads/2020/12/Bairros-integrados-com-seus-respectivos-loteamentos-e-reloteamentos-do-distrito-sede.pdf
Patrimônio;Sul;Copacabana (parte)* | Nossa Senhora da Abadia* | Copacabana Setor Omega | Chácaras Recreio* | Patrimônio da Nossa Senhora da Abadia (parte)** | Spazio Unigarden;https://web.archive.org/web/2/https://docs.uberlandia.mg.gov.br/wp-content/uploads/2020/12/Bairros-integrados-com-seus-respectivos-loteamentos-e-reloteamentos-do-distrito-sede.pdf;https://web.archive.org/web/20240906061623/https://docs.uberlandia.mg.gov.br/wp-content/uploads/2020/12/Bairros-integrados-com-seus-respectivos-loteamentos-e-reloteamentos-do-distrito-sede.pdf
Pequis;Oeste;Residencial Pequis 1 | Residencial Pequis 2 | Residencial Pequis 3 | Residencial Pequis 4 | Residencial Pequis 5 | Residencial Pequis 6 | Residencial Pequis 7 | Residencial Pequis 8 | Residencial Pequis 9;https://web.archive.org/web/2/https://docs.uberlandia.mg.gov.br/wp-content/uploads/2020/12/Bairros-integrados-com-seus-respectivos-loteamentos-e-reloteamentos-do-distrito-sede.pdf;https://web.archive.org/web/20240906061623/https://docs.uberlandia.mg.gov.br/wp-content/uploads/2020/12/Bairros-integrados-com-seus-respectivos-loteamentos-e-reloteamentos-do-distrito-sede.pdf
Planalto;Oeste;Planalto I (parte) | Núcleo Residencial Uberlândia (Tancredo Neves);https://web.archive.org/web/2/https://docs.uberlandia.mg.gov.br/wp-content/uploads/2020/12/Bairros-integrados-com-seus-respectivos-loteamentos-e-reloteamentos-do-distrito-sede.pdf;https://web.archive.org/web/20240906061623/https://docs.uberlandia.mg.gov.br/wp-content/uploads/2020/12/Bairros-integrados-com-seus-respectivos-loteamentos-e-reloteamentos-do-distrito-sede.pdf
Portal do Vale;Leste;Portal do Vale I | Portal do Vale II (parte) | Nascente do Vale;https://web.archive.org/web/2/https://docs.uberlandia.mg.gov.br/wp-content/uploads/2020/12/Bairros-integrados-com-seus-respectivos-loteamentos-e-reloteamentos-do-distrito-sede.pdf;https://web.archive.org/web/20240906061623/https://docs.uberlandia.mg.gov.br/wp-content/uploads/2020/12/Bairros-integrados-com-seus-respectivos-loteamentos-e-reloteamentos-do-distrito-sede.pdf
Presidente Roosevelt;Norte;Vila Presidente Roosevelt (parte) | Marivaldo Carrilho da Silva | Treviso | Presidente | Roosevelt;https://web.archive.org/web/2/https://docs.uberlandia.mg.gov.br/wp-content/uploads/2020/12/Bairros-integrados-com-seus-respectivos-loteamentos-e-reloteamentos-do-distrito-sede.pdf;https://web.archive.org/web/20240906061623/https://docs.uberlandia.mg.gov.br/wp-content/uploads/2020/12/Bairros-integrados-com-seus-respectivos-loteamentos-e-reloteamentos-do-distrito-sede.pdf
Residencial Gramado;Norte;;https://web.archive.org/web/2/https://docs.uberlandia.mg.gov.br/wp-content/uploads/2020/12/Bairros-integrados-com-seus-respectivos-loteamentos-e-reloteamentos-do-distrito-sede.pdf;https://web.archive.org/web/20240906061623/https://docs.uberlandia.mg.gov.br/wp-content/uploads/2020/12/Bairros-integrados-com-seus-respectivos-loteamentos-e-reloteamentos-do-distrito-sede.pdf
Residencial Integração;Leste;Jardim Sucupira | Portal do Vale II (parte) | Jardim Prosperidade (irregular)* | Jardim Prosperidade - Prolongamento (irregular)* | Jardim Prosperidade II (irregular)* | Prosperidade II (irregular)* | Residencial Dom Almir (irregular) | Residencial Dom Almir – Prolongamento (irregular)* | Joana D’arc II (irregular) | Integração (irregular) | Residencial | Integração;https://web.archive.org/web/2/https://docs.uberlandia.mg.gov.br/wp-content/uploads/2020/12/Bairros-integrados-com-seus-respectivos-loteamentos-e-reloteamentos-do-distrito-sede.pdf;https://web.archive.org/web/20240906061623/https://docs.uberlandia.mg.gov.br/wp-content/uploads/2020/12/Bairros-integrados-com-seus-respectivos-loteamentos-e-reloteamentos-do-distrito-sede.pdf
Santa Luzia;Sul;Santa Mônica – Remanejamento – Setor Chácaras e Mansões | Dos buritis (parte);https://web.archive.org/web/2/https://docs.uberlandia.mg.gov.br/wp-content/uploads/2020/12/Bairros-integrados-com-seus-respectivos-loteamentos-e-reloteamentos-do-distrito-sede.pdf;https://web.archive.org/web/20240906061623/https://docs.uberlandia.mg.gov.br/wp-content/uploads/2020/12/Bairros-integrados-com-seus-respectivos-loteamentos-e-reloteamentos-do-distrito-sede.pdf
Santa Mônica;Leste;Santa Mônica – Setor A | Santa Mônica - Setor B | Santa Mônica – Setor C (parte) | Jardim Finotti I | Jardim Finotti II* | Jardim Parque do Sabiá (parte) | Progresso* | Progresso I ** | Vila Santos Dumont* | Santos Dumont – Prolongamento | Fábio Felice | Conjunto Universitário | (continuação) | Eduardo Rende (parte) | Eurípedes Ângelo Lozano e Outros;https://web.archive.org/web/2/https://docs.uberlandia.mg.gov.br/wp-content/uploads/2020/12/Bairros-integrados-com-seus-respectivos-loteamentos-e-reloteamentos-do-distrito-sede.pdf;https://web.archive.org/web/20240906061623/https://docs.uberlandia.mg.gov.br/wp-content/uploads/2020/12/Bairros-integrados-com-seus-respectivos-loteamentos-e-reloteamentos-do-distrito-sede.pdf
Santa Rosa;Norte;Jardim América I (parte) | Jardim América II | Nossa Senhora das Graças (parte) | Esperança | Esperança II | Residencial Liberdade | Santa Rosa - Prolongamento | Esperança III (Irregular )*;https://web.archive.org/web/2/https://docs.uberlandia.mg.gov.br/wp-content/uploads/2020/12/Bairros-integrados-com-seus-respectivos-loteamentos-e-reloteamentos-do-distrito-sede.pdf;https://web.archive.org/web/20240906061623/https://docs.uberlandia.mg.gov.br/wp-content/uploads/2020/12/Bairros-integrados-com-seus-respectivos-loteamentos-e-reloteamentos-do-distrito-sede.pdf
São Jorge;Sul;Conjunto Residencial Viviane | Parque São Jorge I (parte) | Parque São Jorge III – Prolongamento | Parque São Jorge V | Jardim das Hortências | Parque das Seringueiras | Parque São Gabriel | Residencial Campo Alegre | Fonseca e Freitas Comercial Construtora;https://web.archive.org/web/2/https://docs.uberlandia.mg.gov.br/wp-content/uploads/2020/12/Bairros-integrados-com-seus-respectivos-loteamentos-e-reloteamentos-do-distrito-sede.pdf;https://web.archive.org/web/20240906061623/https://docs.uberlandia.mg.gov.br/wp-content/uploads/2020/12/Bairros-integrados-com-seus-respectivos-loteamentos-e-reloteamentos-do-distrito-sede.pdf
São José;Norte;;https://web.archive.org/web/2/https://docs.uberlandia.mg.gov.br/wp-content/uploads/2020/12/Bairros-integrados-com-seus-respectivos-loteamentos-e-reloteamentos-do-distrito-sede.pdf;https://web.archive.org/web/20240906061623/https://docs.uberlandia.mg.gov.br/wp-content/uploads/2020/12/Bairros-integrados-com-seus-respectivos-loteamentos-e-reloteamentos-do-distrito-sede.pdf
Saraiva;Sul;Cazeca (parte) * | Santa Maria | Vila Belo Horizonte * | Vila Presidente Vargas * | Vila Dr. Vasco Gifone (parte)* | Jardim Ozanam (parte) | (continuação) | Vila Saraiva III – Tubal Vilela da Silva (parte)* | Manoel Rosa*;https://web.archive.org/web/2/https://docs.uberlandia.mg.gov.br/wp-content/uploads/2020/12/Bairros-integrados-com-seus-respectivos-loteamentos-e-reloteamentos-do-distrito-sede.pdf;https://web.archive.org/web/20240906061623/https://docs.uberlandia.mg.gov.br/wp-content/uploads/2020/12/Bairros-integrados-com-seus-respectivos-loteamentos-e-reloteamentos-do-distrito-sede.pdf
Segismundo Pereira;Leste;Santa Mônica – Setor C (parte) | Santa Mônica – Setor D | Santa Paula Loteadora – Segismundo Pereira;https://web.archive.org/web/2/https://docs.uberlandia.mg.gov.br/wp-content/uploads/2020/12/Bairros-integrados-com-seus-respectivos-loteamentos-e-reloteamentos-do-distrito-sede.pdf;https://web.archive.org/web/20240906061623/https://docs.uberlandia.mg.gov.br/wp-content/uploads/2020/12/Bairros-integrados-com-seus-respectivos-loteamentos-e-reloteamentos-do-distrito-sede.pdf
Shopping Park;Sul;Sítios de Recreio Nossa Senhora Aparecida (parte) | Sitios de Recreio Ibiporan – Conjuntos B, C e D | Shopping Park I | Shopping Park II | Shopping Park III | Shopping Park IV | Shopping Park V | Shopping Park VI | Shopping Park VII | Parque dos Jacarandás I | Parque dos Jacarandás II | Parque dos Ipês | Parque dos Ypês II | Gávea Sul | Residencial Jardins | Varanda Sul;https://web.archive.org/web/2/https://docs.uberlandia.mg.gov.br/wp-content/uploads/2020/12/Bairros-integrados-com-seus-respectivos-loteamentos-e-reloteamentos-do-distrito-sede.pdf;https://web.archive.org/web/20240906061623/https://docs.uberlandia.mg.gov.br/wp-content/uploads/2020/12/Bairros-integrados-com-seus-respectivos-loteamentos-e-reloteamentos-do-distrito-sede.pdf
Tabajaras;Central;Tabajaras* | Vila Osvaldo (parte)* | General Osório I | Copacabana (parte)* | Maracanã | General Osório II | Altamira I (parte) | Jardim Altamira – Altamira II (parte) | Heins Lehfeld;https://web.archive.org/web/2/https://docs.uberlandia.mg.gov.br/wp-content/uploads/2020/12/Bairros-integrados-com-seus-respectivos-loteamentos-e-reloteamentos-do-distrito-sede.pdf;https://web.archive.org/web/20240906061623/https://docs.uberlandia.mg.gov.br/wp-content/uploads/2020/12/Bairros-integrados-com-seus-respectivos-loteamentos-e-reloteamentos-do-distrito-sede.pdf
Taiaman;Oeste;Taiaman – Prolongamento | Novo Taiaman | Novo Taiaman II | Residencial Aruanan | Jardim Letícia | Jaguara | Jaguara IV | Dona Zulmira (parte)* | João Gomide de Souza;https://web.archive.org/web/2/https://docs.uberlandia.mg.gov.br/wp-content/uploads/2020/12/Bairros-integrados-com-seus-respectivos-loteamentos-e-reloteamentos-do-distrito-sede.pdf;https://web.archive.org/web/20240906061623/https://docs.uberlandia.mg.gov.br/wp-content/uploads/2020/12/Bairros-integrados-com-seus-respectivos-loteamentos-e-reloteamentos-do-distrito-sede.pdf
Tibery;Leste;Vila Ana Angélica | Vila Corrêa | Eduardo Rende (parte) | Tibery (parte)* | Jardim Parque Sabiá (parte);https://web.archive.org/web/2/https://docs.uberlandia.mg.gov.br/wp-content/uploads/2020/12/Bairros-integrados-com-seus-respectivos-loteamentos-e-reloteamentos-do-distrito-sede.pdf;https://web.archive.org/web/20240906061623/https://docs.uberlandia.mg.gov.br/wp-content/uploads/2020/12/Bairros-integrados-com-seus-respectivos-loteamentos-e-reloteamentos-do-distrito-sede.pdf
Tocantins;Oeste;Tocantins - Prolongamento | Talismã;https://web.archive.org/web/2/https://docs.uberlandia.mg.gov.br/wp-content/uploads/2020/12/Bairros-integrados-com-seus-respectivos-loteamentos-e-reloteamentos-do-distrito-sede.pdf;https://web.archive.org/web/20240906061623/https://docs.uberlandia.mg.gov.br/wp-content/uploads/2020/12/Bairros-integrados-com-seus-respectivos-loteamentos-e-reloteamentos-do-distrito-sede.pdf
Tubalina;Sul;Vila Cilene (parte)* | Tubalina – Setor Colônia (parte)* | Imobiliária Tubal Vilela - Tubalina;https://web.archive.org/web/2/https://docs.uberlandia.mg.gov.br/wp-content/uploads/2020/12/Bairros-integrados-com-seus-respectivos-loteamentos-e-reloteamentos-do-distrito-sede.pdf;https://web.archive.org/web/20240906061623/https://docs.uberlandia.mg.gov.br/wp-content/uploads/2020/12/Bairros-integrados-com-seus-respectivos-loteamentos-e-reloteamentos-do-distrito-sede.pdf
Umuarama;Leste;Jardim Umuarama (parte) | Vila Brasil (parte)* | Novo Horizonte (parte)* | Granjas Reunidas Rosa Maria*;https://web.archive.org/web/2/https://docs.uberlandia.mg.gov.br/wp-content/uploads/2020/12/Bairros-integrados-com-seus-respectivos-loteamentos-e-reloteamentos-do-distrito-sede.pdf;https://web.archive.org/web/20240906061623/https://docs.uberlandia.mg.gov.br/wp-content/uploads/2020/12/Bairros-integrados-com-seus-respectivos-loteamentos-e-reloteamentos-do-distrito-sede.pdf
Vigilato Pereira;Sul;Vila Dr. Vasco Gifone (parte)* | Vila Póvoa (parte)* | Vila Saraiva III – Tubal Vilela da Silva (parte)* | Vila Saraiva – Trecho – Corina Silva e David Silva | Jardim Nosso Recanto | Vila Saraiva I – Milton Avelino * | Jardim Altamira – Altamira II (parte);https://web.archive.org/web/2/https://docs.uberlandia.mg.gov.br/wp-content/uploads/2020/12/Bairros-integrados-com-seus-respectivos-loteamentos-e-reloteamentos-do-distrito-sede.pdf;https://web.archive.org/web/20240906061623/https://docs.uberlandia.mg.gov.br/wp-content/uploads/2020/12/Bairros-integrados-com-seus-respectivos-loteamentos-e-reloteamentos-do-distrito-sede.pdf
